{
  "input_scaler": {
    "mean": [
      0.006988006491104998,
      2.001929458700527,
      0.8796839175745758,
      -0.0062480544729817105,
      9.91757484807038,
      4.244751032048403
    ],
    "scale": [
      2.0225026044593846,
      2.305493325599513,
      0.2552285728431615,
      6.017803041236667,
      4.405622995923638,
      3.829233729128799
    ],
    "cols": [
      "x",
      "y",
      "z",
      "vx",
      "vy",
      "vz"
    ]
  },
  "regression_scaler": {
    "mean": [
      0.00851728862300345,
      6.588814275253969,
      1.1663871080392585,
      -0.018581579466077802,
      -6.239332858473236,
      1.579726389345631
    ],
    "scale": [
      1.6824184351508242,
      1.8315623501538587,
      0.22271234137783483,
      5.4050799677377235,
      5.240362463014236,
      2.7086130534084205
    ],
    "cols": [
      "x_out",
      "y_out",
      "z_out",
      "vx_out",
      "vy_out",
      "vz_out"
    ]
  },
  "class_names": [
    "Drive",
    "Drop",
    "Dink",
    "Lob",
    "SpeedUp",
    "HandBattle"
  ],
  "shot_type_mapping": {
    "Drive": 0,
    "Drop": 1,
    "Dink": 2,
    "Lob": 3,
    "SpeedUp": 4,
    "HandBattle": 5
  },
  "split": {
    "train": 0.7,
    "val": 0.15,
    "test": 0.15
  }
}