{
  "input_scaler": {
    "mean": [
      -0.008987174731754945,
      0.8634862379475359,
      1.2258822275058003,
      0.04948142508139316,
      2.950322105409008,
      10.968611929922538
    ],
    "scale": [
      1.9754797331363319,
      0.2385280917694142,
      1.8342493138174656,
      5.599018464452619,
      2.5892147097405194,
      4.793425749273138
    ],
    "cols": [
      "x",
      "y",
      "z",
      "vx",
      "vy",
      "vz"
    ]
  },
  "regression_scaler": {
    "mean": [
      0.007766034416521252,
      0.9228326851022152,
      6.0,
      -0.02424413541638389,
      3.4156036379340855,
      -7.71013494372402
    ],
    "scale": [
      1.8058659803980706,
      0.26944686333813,
      1.0,
      5.026805463500957,
      2.2057358220992906,
      4.156341752918261
    ],
    "cols": [
      "x_out",
      "y_out",
      "z_out",
      "vx_out",
      "vy_out",
      "vz_out"
    ]
  },
  "class_names": [
    "Drive",
    "Drop",
    "Dink",
    "Lob",
    "SpeedUp",
    "HandBattle"
  ],
  "shot_type_mapping": {
    "Drive": 0,
    "Drop": 1,
    "Dink": 2,
    "Lob": 3,
    "SpeedUp": 4,
    "HandBattle": 5
  },
  "split": {
    "train": 0.7,
    "val": 0.15,
    "test": 0.15
  }
}